"Status","Start Time","Stop Time","Duration in ms","Parent Suite","Suite","Sub Suite","Test Class","Test Method","Name","Description"
"passed","Sun Aug 20 15:20:35 TRT 2023","Sun Aug 20 15:20:38 TRT 2023","2208","","Login page","","","","Incorrect Password Login",""
"passed","Sun Aug 20 15:20:27 TRT 2023","Sun Aug 20 15:20:30 TRT 2023","2523","","Login page","","","","Login Page Loaded",""
"passed","Sun Aug 20 15:19:48 TRT 2023","Sun Aug 20 15:19:54 TRT 2023","6302","","Employee page","","","","Create Employee",""
"passed","Sun Aug 20 15:20:30 TRT 2023","Sun Aug 20 15:20:33 TRT 2023","3818","","Login page","","","","Success Login",""
"passed","Sun Aug 20 15:20:38 TRT 2023","Sun Aug 20 15:20:39 TRT 2023","854","","Login page","","","","Empty Credentials Login",""
"passed","Sun Aug 20 15:20:04 TRT 2023","Sun Aug 20 15:20:10 TRT 2023","5839","","Employee page","","","","Search Employee",""
"passed","Sun Aug 20 15:20:33 TRT 2023","Sun Aug 20 15:20:35 TRT 2023","2079","","Login page","","","","Incorrect Username Login",""
"passed","Sun Aug 20 15:20:18 TRT 2023","Sun Aug 20 15:20:24 TRT 2023","5759","","Employee page","","","","Search Employee Not Found",""
"passed","Sun Aug 20 15:19:43 TRT 2023","Sun Aug 20 15:19:48 TRT 2023","4605","","Employee page","","","","Employee Page Loaded",""
"passed","Sun Aug 20 15:20:10 TRT 2023","Sun Aug 20 15:20:18 TRT 2023","7930","","Employee page","","","","Delete Employee",""
"passed","Sun Aug 20 15:19:54 TRT 2023","Sun Aug 20 15:20:04 TRT 2023","9704","","Employee page","","","","Update Employee",""
